headline,slug,title_tag,meta_description
Driving Lessons in Manchester,driving-lessons-manchester.html,Driving Lessons Manchester | Affordable Driving Lessons Near You | DriveSQ,"Book DVSA‑approved driving lessons in Manchester. DVSA‑approved instructors, local routes, mock tests and theory help. £30 Didsbury/M19, £33 Manchester, £37 further."
Driving School in Manchester,driving-school-manchester.html,Driving School Manchester | Affordable Driving School Near You | DriveSQ,"Top‑rated local driving school in Manchester. DVSA‑approved instructors, local routes, mock tests and theory help. £30 Didsbury/M19, £33 Manchester, £37 further."
Automatic Driving Lessons in Manchester,automatic-driving-lessons-manchester.html,Automatic Driving Lessons Manchester | Affordable Automatic Driving Lessons Near You | DriveSQ,"Learn faster with automatic in Manchester. DVSA‑approved instructors, local routes, mock tests and theory help. £30 Didsbury/M19, £33 Manchester, £37 further."
Manual Driving Lessons in Manchester,manual-driving-lessons-manchester.html,Manual Driving Lessons Manchester | Affordable Manual Driving Lessons Near You | DriveSQ,"Master clutch control & gears in Manchester. DVSA‑approved instructors, local routes, mock tests and theory help. £30 Didsbury/M19, £33 Manchester, £37 further."
Intensive Driving Courses in Manchester,intensive-driving-courses-manchester.html,Intensive Driving Courses Manchester | Affordable Intensive Driving Courses Near You | DriveSQ,"Crash courses to test‑ready fast in Manchester. DVSA‑approved instructors, local routes, mock tests and theory help. £30 Didsbury/M19, £33 Manchester, £37 further."
Driving Lessons in Didsbury,driving-lessons-didsbury.html,Driving Lessons Didsbury | Affordable Driving Lessons Near You | DriveSQ,"Book DVSA‑approved driving lessons in Didsbury. DVSA‑approved instructors, local routes, mock tests and theory help. £30 Didsbury/M19, £33 Manchester, £37 further."
Driving School in Didsbury,driving-school-didsbury.html,Driving School Didsbury | Affordable Driving School Near You | DriveSQ,"Top‑rated local driving school in Didsbury. DVSA‑approved instructors, local routes, mock tests and theory help. £30 Didsbury/M19, £33 Manchester, £37 further."
Automatic Driving Lessons in Didsbury,automatic-driving-lessons-didsbury.html,Automatic Driving Lessons Didsbury | Affordable Automatic Driving Lessons Near You | DriveSQ,"Learn faster with automatic in Didsbury. DVSA‑approved instructors, local routes, mock tests and theory help. £30 Didsbury/M19, £33 Manchester, £37 further."
Manual Driving Lessons in Didsbury,manual-driving-lessons-didsbury.html,Manual Driving Lessons Didsbury | Affordable Manual Driving Lessons Near You | DriveSQ,"Master clutch control & gears in Didsbury. DVSA‑approved instructors, local routes, mock tests and theory help. £30 Didsbury/M19, £33 Manchester, £37 further."
Intensive Driving Courses in Didsbury,intensive-driving-courses-didsbury.html,Intensive Driving Courses Didsbury | Affordable Intensive Driving Courses Near You | DriveSQ,"Crash courses to test‑ready fast in Didsbury. DVSA‑approved instructors, local routes, mock tests and theory help. £30 Didsbury/M19, £33 Manchester, £37 further."
Driving Lessons in M19,driving-lessons-m19.html,Driving Lessons M19 | Affordable Driving Lessons Near You | DriveSQ,"Book DVSA‑approved driving lessons in M19. DVSA‑approved instructors, local routes, mock tests and theory help. £30 Didsbury/M19, £33 Manchester, £37 further."
Driving School in M19,driving-school-m19.html,Driving School M19 | Affordable Driving School Near You | DriveSQ,"Top‑rated local driving school in M19. DVSA‑approved instructors, local routes, mock tests and theory help. £30 Didsbury/M19, £33 Manchester, £37 further."
Automatic Driving Lessons in M19,automatic-driving-lessons-m19.html,Automatic Driving Lessons M19 | Affordable Automatic Driving Lessons Near You | DriveSQ,"Learn faster with automatic in M19. DVSA‑approved instructors, local routes, mock tests and theory help. £30 Didsbury/M19, £33 Manchester, £37 further."
Manual Driving Lessons in M19,manual-driving-lessons-m19.html,Manual Driving Lessons M19 | Affordable Manual Driving Lessons Near You | DriveSQ,"Master clutch control & gears in M19. DVSA‑approved instructors, local routes, mock tests and theory help. £30 Didsbury/M19, £33 Manchester, £37 further."
Intensive Driving Courses in M19,intensive-driving-courses-m19.html,Intensive Driving Courses M19 | Affordable Intensive Driving Courses Near You | DriveSQ,"Crash courses to test‑ready fast in M19. DVSA‑approved instructors, local routes, mock tests and theory help. £30 Didsbury/M19, £33 Manchester, £37 further."
Driving Lessons in Chorlton,driving-lessons-chorlton.html,Driving Lessons Chorlton | Affordable Driving Lessons Near You | DriveSQ,"Book DVSA‑approved driving lessons in Chorlton. DVSA‑approved instructors, local routes, mock tests and theory help. £30 Didsbury/M19, £33 Manchester, £37 further."
Driving School in Chorlton,driving-school-chorlton.html,Driving School Chorlton | Affordable Driving School Near You | DriveSQ,"Top‑rated local driving school in Chorlton. DVSA‑approved instructors, local routes, mock tests and theory help. £30 Didsbury/M19, £33 Manchester, £37 further."
Automatic Driving Lessons in Chorlton,automatic-driving-lessons-chorlton.html,Automatic Driving Lessons Chorlton | Affordable Automatic Driving Lessons Near You | DriveSQ,"Learn faster with automatic in Chorlton. DVSA‑approved instructors, local routes, mock tests and theory help. £30 Didsbury/M19, £33 Manchester, £37 further."
Manual Driving Lessons in Chorlton,manual-driving-lessons-chorlton.html,Manual Driving Lessons Chorlton | Affordable Manual Driving Lessons Near You | DriveSQ,"Master clutch control & gears in Chorlton. DVSA‑approved instructors, local routes, mock tests and theory help. £30 Didsbury/M19, £33 Manchester, £37 further."
Intensive Driving Courses in Chorlton,intensive-driving-courses-chorlton.html,Intensive Driving Courses Chorlton | Affordable Intensive Driving Courses Near You | DriveSQ,"Crash courses to test‑ready fast in Chorlton. DVSA‑approved instructors, local routes, mock tests and theory help. £30 Didsbury/M19, £33 Manchester, £37 further."
Driving Lessons in Withington,driving-lessons-withington.html,Driving Lessons Withington | Affordable Driving Lessons Near You | DriveSQ,"Book DVSA‑approved driving lessons in Withington. DVSA‑approved instructors, local routes, mock tests and theory help. £30 Didsbury/M19, £33 Manchester, £37 further."
Driving School in Withington,driving-school-withington.html,Driving School Withington | Affordable Driving School Near You | DriveSQ,"Top‑rated local driving school in Withington. DVSA‑approved instructors, local routes, mock tests and theory help. £30 Didsbury/M19, £33 Manchester, £37 further."
Automatic Driving Lessons in Withington,automatic-driving-lessons-withington.html,Automatic Driving Lessons Withington | Affordable Automatic Driving Lessons Near You | DriveSQ,"Learn faster with automatic in Withington. DVSA‑approved instructors, local routes, mock tests and theory help. £30 Didsbury/M19, £33 Manchester, £37 further."
Manual Driving Lessons in Withington,manual-driving-lessons-withington.html,Manual Driving Lessons Withington | Affordable Manual Driving Lessons Near You | DriveSQ,"Master clutch control & gears in Withington. DVSA‑approved instructors, local routes, mock tests and theory help. £30 Didsbury/M19, £33 Manchester, £37 further."
Intensive Driving Courses in Withington,intensive-driving-courses-withington.html,Intensive Driving Courses Withington | Affordable Intensive Driving Courses Near You | DriveSQ,"Crash courses to test‑ready fast in Withington. DVSA‑approved instructors, local routes, mock tests and theory help. £30 Didsbury/M19, £33 Manchester, £37 further."
Driving Lessons in Fallowfield,driving-lessons-fallowfield.html,Driving Lessons Fallowfield | Affordable Driving Lessons Near You | DriveSQ,"Book DVSA‑approved driving lessons in Fallowfield. DVSA‑approved instructors, local routes, mock tests and theory help. £30 Didsbury/M19, £33 Manchester, £37 further."
Driving School in Fallowfield,driving-school-fallowfield.html,Driving School Fallowfield | Affordable Driving School Near You | DriveSQ,"Top‑rated local driving school in Fallowfield. DVSA‑approved instructors, local routes, mock tests and theory help. £30 Didsbury/M19, £33 Manchester, £37 further."
Automatic Driving Lessons in Fallowfield,automatic-driving-lessons-fallowfield.html,Automatic Driving Lessons Fallowfield | Affordable Automatic Driving Lessons Near You | DriveSQ,"Learn faster with automatic in Fallowfield. DVSA‑approved instructors, local routes, mock tests and theory help. £30 Didsbury/M19, £33 Manchester, £37 further."
Manual Driving Lessons in Fallowfield,manual-driving-lessons-fallowfield.html,Manual Driving Lessons Fallowfield | Affordable Manual Driving Lessons Near You | DriveSQ,"Master clutch control & gears in Fallowfield. DVSA‑approved instructors, local routes, mock tests and theory help. £30 Didsbury/M19, £33 Manchester, £37 further."
Intensive Driving Courses in Fallowfield,intensive-driving-courses-fallowfield.html,Intensive Driving Courses Fallowfield | Affordable Intensive Driving Courses Near You | DriveSQ,"Crash courses to test‑ready fast in Fallowfield. DVSA‑approved instructors, local routes, mock tests and theory help. £30 Didsbury/M19, £33 Manchester, £37 further."
Driving Lessons in Rusholme,driving-lessons-rusholme.html,Driving Lessons Rusholme | Affordable Driving Lessons Near You | DriveSQ,"Book DVSA‑approved driving lessons in Rusholme. DVSA‑approved instructors, local routes, mock tests and theory help. £30 Didsbury/M19, £33 Manchester, £37 further."
Driving School in Rusholme,driving-school-rusholme.html,Driving School Rusholme | Affordable Driving School Near You | DriveSQ,"Top‑rated local driving school in Rusholme. DVSA‑approved instructors, local routes, mock tests and theory help. £30 Didsbury/M19, £33 Manchester, £37 further."
Automatic Driving Lessons in Rusholme,automatic-driving-lessons-rusholme.html,Automatic Driving Lessons Rusholme | Affordable Automatic Driving Lessons Near You | DriveSQ,"Learn faster with automatic in Rusholme. DVSA‑approved instructors, local routes, mock tests and theory help. £30 Didsbury/M19, £33 Manchester, £37 further."
Manual Driving Lessons in Rusholme,manual-driving-lessons-rusholme.html,Manual Driving Lessons Rusholme | Affordable Manual Driving Lessons Near You | DriveSQ,"Master clutch control & gears in Rusholme. DVSA‑approved instructors, local routes, mock tests and theory help. £30 Didsbury/M19, £33 Manchester, £37 further."
Intensive Driving Courses in Rusholme,intensive-driving-courses-rusholme.html,Intensive Driving Courses Rusholme | Affordable Intensive Driving Courses Near You | DriveSQ,"Crash courses to test‑ready fast in Rusholme. DVSA‑approved instructors, local routes, mock tests and theory help. £30 Didsbury/M19, £33 Manchester, £37 further."
Driving Lessons in Burnage,driving-lessons-burnage.html,Driving Lessons Burnage | Affordable Driving Lessons Near You | DriveSQ,"Book DVSA‑approved driving lessons in Burnage. DVSA‑approved instructors, local routes, mock tests and theory help. £30 Didsbury/M19, £33 Manchester, £37 further."
Driving School in Burnage,driving-school-burnage.html,Driving School Burnage | Affordable Driving School Near You | DriveSQ,"Top‑rated local driving school in Burnage. DVSA‑approved instructors, local routes, mock tests and theory help. £30 Didsbury/M19, £33 Manchester, £37 further."
Automatic Driving Lessons in Burnage,automatic-driving-lessons-burnage.html,Automatic Driving Lessons Burnage | Affordable Automatic Driving Lessons Near You | DriveSQ,"Learn faster with automatic in Burnage. DVSA‑approved instructors, local routes, mock tests and theory help. £30 Didsbury/M19, £33 Manchester, £37 further."
Manual Driving Lessons in Burnage,manual-driving-lessons-burnage.html,Manual Driving Lessons Burnage | Affordable Manual Driving Lessons Near You | DriveSQ,"Master clutch control & gears in Burnage. DVSA‑approved instructors, local routes, mock tests and theory help. £30 Didsbury/M19, £33 Manchester, £37 further."
Intensive Driving Courses in Burnage,intensive-driving-courses-burnage.html,Intensive Driving Courses Burnage | Affordable Intensive Driving Courses Near You | DriveSQ,"Crash courses to test‑ready fast in Burnage. DVSA‑approved instructors, local routes, mock tests and theory help. £30 Didsbury/M19, £33 Manchester, £37 further."
Driving Lessons in Levenshulme,driving-lessons-levenshulme.html,Driving Lessons Levenshulme | Affordable Driving Lessons Near You | DriveSQ,"Book DVSA‑approved driving lessons in Levenshulme. DVSA‑approved instructors, local routes, mock tests and theory help. £30 Didsbury/M19, £33 Manchester, £37 further."
Driving School in Levenshulme,driving-school-levenshulme.html,Driving School Levenshulme | Affordable Driving School Near You | DriveSQ,"Top‑rated local driving school in Levenshulme. DVSA‑approved instructors, local routes, mock tests and theory help. £30 Didsbury/M19, £33 Manchester, £37 further."
Automatic Driving Lessons in Levenshulme,automatic-driving-lessons-levenshulme.html,Automatic Driving Lessons Levenshulme | Affordable Automatic Driving Lessons Near You | DriveSQ,"Learn faster with automatic in Levenshulme. DVSA‑approved instructors, local routes, mock tests and theory help. £30 Didsbury/M19, £33 Manchester, £37 further."
Manual Driving Lessons in Levenshulme,manual-driving-lessons-levenshulme.html,Manual Driving Lessons Levenshulme | Affordable Manual Driving Lessons Near You | DriveSQ,"Master clutch control & gears in Levenshulme. DVSA‑approved instructors, local routes, mock tests and theory help. £30 Didsbury/M19, £33 Manchester, £37 further."
Intensive Driving Courses in Levenshulme,intensive-driving-courses-levenshulme.html,Intensive Driving Courses Levenshulme | Affordable Intensive Driving Courses Near You | DriveSQ,"Crash courses to test‑ready fast in Levenshulme. DVSA‑approved instructors, local routes, mock tests and theory help. £30 Didsbury/M19, £33 Manchester, £37 further."
Driving Lessons in Longsight,driving-lessons-longsight.html,Driving Lessons Longsight | Affordable Driving Lessons Near You | DriveSQ,"Book DVSA‑approved driving lessons in Longsight. DVSA‑approved instructors, local routes, mock tests and theory help. £30 Didsbury/M19, £33 Manchester, £37 further."
Driving School in Longsight,driving-school-longsight.html,Driving School Longsight | Affordable Driving School Near You | DriveSQ,"Top‑rated local driving school in Longsight. DVSA‑approved instructors, local routes, mock tests and theory help. £30 Didsbury/M19, £33 Manchester, £37 further."
Automatic Driving Lessons in Longsight,automatic-driving-lessons-longsight.html,Automatic Driving Lessons Longsight | Affordable Automatic Driving Lessons Near You | DriveSQ,"Learn faster with automatic in Longsight. DVSA‑approved instructors, local routes, mock tests and theory help. £30 Didsbury/M19, £33 Manchester, £37 further."
Manual Driving Lessons in Longsight,manual-driving-lessons-longsight.html,Manual Driving Lessons Longsight | Affordable Manual Driving Lessons Near You | DriveSQ,"Master clutch control & gears in Longsight. DVSA‑approved instructors, local routes, mock tests and theory help. £30 Didsbury/M19, £33 Manchester, £37 further."
Intensive Driving Courses in Longsight,intensive-driving-courses-longsight.html,Intensive Driving Courses Longsight | Affordable Intensive Driving Courses Near You | DriveSQ,"Crash courses to test‑ready fast in Longsight. DVSA‑approved instructors, local routes, mock tests and theory help. £30 Didsbury/M19, £33 Manchester, £37 further."
Driving Lessons in Gorton,driving-lessons-gorton.html,Driving Lessons Gorton | Affordable Driving Lessons Near You | DriveSQ,"Book DVSA‑approved driving lessons in Gorton. DVSA‑approved instructors, local routes, mock tests and theory help. £30 Didsbury/M19, £33 Manchester, £37 further."
Driving School in Gorton,driving-school-gorton.html,Driving School Gorton | Affordable Driving School Near You | DriveSQ,"Top‑rated local driving school in Gorton. DVSA‑approved instructors, local routes, mock tests and theory help. £30 Didsbury/M19, £33 Manchester, £37 further."
Automatic Driving Lessons in Gorton,automatic-driving-lessons-gorton.html,Automatic Driving Lessons Gorton | Affordable Automatic Driving Lessons Near You | DriveSQ,"Learn faster with automatic in Gorton. DVSA‑approved instructors, local routes, mock tests and theory help. £30 Didsbury/M19, £33 Manchester, £37 further."
Manual Driving Lessons in Gorton,manual-driving-lessons-gorton.html,Manual Driving Lessons Gorton | Affordable Manual Driving Lessons Near You | DriveSQ,"Master clutch control & gears in Gorton. DVSA‑approved instructors, local routes, mock tests and theory help. £30 Didsbury/M19, £33 Manchester, £37 further."
Intensive Driving Courses in Gorton,intensive-driving-courses-gorton.html,Intensive Driving Courses Gorton | Affordable Intensive Driving Courses Near You | DriveSQ,"Crash courses to test‑ready fast in Gorton. DVSA‑approved instructors, local routes, mock tests and theory help. £30 Didsbury/M19, £33 Manchester, £37 further."
Driving Lessons in Ardwick,driving-lessons-ardwick.html,Driving Lessons Ardwick | Affordable Driving Lessons Near You | DriveSQ,"Book DVSA‑approved driving lessons in Ardwick. DVSA‑approved instructors, local routes, mock tests and theory help. £30 Didsbury/M19, £33 Manchester, £37 further."
Driving School in Ardwick,driving-school-ardwick.html,Driving School Ardwick | Affordable Driving School Near You | DriveSQ,"Top‑rated local driving school in Ardwick. DVSA‑approved instructors, local routes, mock tests and theory help. £30 Didsbury/M19, £33 Manchester, £37 further."
Automatic Driving Lessons in Ardwick,automatic-driving-lessons-ardwick.html,Automatic Driving Lessons Ardwick | Affordable Automatic Driving Lessons Near You | DriveSQ,"Learn faster with automatic in Ardwick. DVSA‑approved instructors, local routes, mock tests and theory help. £30 Didsbury/M19, £33 Manchester, £37 further."
Manual Driving Lessons in Ardwick,manual-driving-lessons-ardwick.html,Manual Driving Lessons Ardwick | Affordable Manual Driving Lessons Near You | DriveSQ,"Master clutch control & gears in Ardwick. DVSA‑approved instructors, local routes, mock tests and theory help. £30 Didsbury/M19, £33 Manchester, £37 further."
Intensive Driving Courses in Ardwick,intensive-driving-courses-ardwick.html,Intensive Driving Courses Ardwick | Affordable Intensive Driving Courses Near You | DriveSQ,"Crash courses to test‑ready fast in Ardwick. DVSA‑approved instructors, local routes, mock tests and theory help. £30 Didsbury/M19, £33 Manchester, £37 further."
Driving Lessons in Hulme,driving-lessons-hulme.html,Driving Lessons Hulme | Affordable Driving Lessons Near You | DriveSQ,"Book DVSA‑approved driving lessons in Hulme. DVSA‑approved instructors, local routes, mock tests and theory help. £30 Didsbury/M19, £33 Manchester, £37 further."
Driving School in Hulme,driving-school-hulme.html,Driving School Hulme | Affordable Driving School Near You | DriveSQ,"Top‑rated local driving school in Hulme. DVSA‑approved instructors, local routes, mock tests and theory help. £30 Didsbury/M19, £33 Manchester, £37 further."
Automatic Driving Lessons in Hulme,automatic-driving-lessons-hulme.html,Automatic Driving Lessons Hulme | Affordable Automatic Driving Lessons Near You | DriveSQ,"Learn faster with automatic in Hulme. DVSA‑approved instructors, local routes, mock tests and theory help. £30 Didsbury/M19, £33 Manchester, £37 further."
Manual Driving Lessons in Hulme,manual-driving-lessons-hulme.html,Manual Driving Lessons Hulme | Affordable Manual Driving Lessons Near You | DriveSQ,"Master clutch control & gears in Hulme. DVSA‑approved instructors, local routes, mock tests and theory help. £30 Didsbury/M19, £33 Manchester, £37 further."
Intensive Driving Courses in Hulme,intensive-driving-courses-hulme.html,Intensive Driving Courses Hulme | Affordable Intensive Driving Courses Near You | DriveSQ,"Crash courses to test‑ready fast in Hulme. DVSA‑approved instructors, local routes, mock tests and theory help. £30 Didsbury/M19, £33 Manchester, £37 further."
Driving Lessons in Ancoats,driving-lessons-ancoats.html,Driving Lessons Ancoats | Affordable Driving Lessons Near You | DriveSQ,"Book DVSA‑approved driving lessons in Ancoats. DVSA‑approved instructors, local routes, mock tests and theory help. £30 Didsbury/M19, £33 Manchester, £37 further."
Driving School in Ancoats,driving-school-ancoats.html,Driving School Ancoats | Affordable Driving School Near You | DriveSQ,"Top‑rated local driving school in Ancoats. DVSA‑approved instructors, local routes, mock tests and theory help. £30 Didsbury/M19, £33 Manchester, £37 further."
Automatic Driving Lessons in Ancoats,automatic-driving-lessons-ancoats.html,Automatic Driving Lessons Ancoats | Affordable Automatic Driving Lessons Near You | DriveSQ,"Learn faster with automatic in Ancoats. DVSA‑approved instructors, local routes, mock tests and theory help. £30 Didsbury/M19, £33 Manchester, £37 further."
Manual Driving Lessons in Ancoats,manual-driving-lessons-ancoats.html,Manual Driving Lessons Ancoats | Affordable Manual Driving Lessons Near You | DriveSQ,"Master clutch control & gears in Ancoats. DVSA‑approved instructors, local routes, mock tests and theory help. £30 Didsbury/M19, £33 Manchester, £37 further."
Intensive Driving Courses in Ancoats,intensive-driving-courses-ancoats.html,Intensive Driving Courses Ancoats | Affordable Intensive Driving Courses Near You | DriveSQ,"Crash courses to test‑ready fast in Ancoats. DVSA‑approved instructors, local routes, mock tests and theory help. £30 Didsbury/M19, £33 Manchester, £37 further."
Driving Lessons in Northern Quarter,driving-lessons-northern-quarter.html,Driving Lessons Northern Quarter | Affordable Driving Lessons Near You | DriveSQ,"Book DVSA‑approved driving lessons in Northern Quarter. DVSA‑approved instructors, local routes, mock tests and theory help. £30 Didsbury/M19, £33 Manchester, £37 further."
Driving School in Northern Quarter,driving-school-northern-quarter.html,Driving School Northern Quarter | Affordable Driving School Near You | DriveSQ,"Top‑rated local driving school in Northern Quarter. DVSA‑approved instructors, local routes, mock tests and theory help. £30 Didsbury/M19, £33 Manchester, £37 further."
Automatic Driving Lessons in Northern Quarter,automatic-driving-lessons-northern-quarter.html,Automatic Driving Lessons Northern Quarter | Affordable Automatic Driving Lessons Near You | DriveSQ,"Learn faster with automatic in Northern Quarter. DVSA‑approved instructors, local routes, mock tests and theory help. £30 Didsbury/M19, £33 Manchester, £37 further."
Manual Driving Lessons in Northern Quarter,manual-driving-lessons-northern-quarter.html,Manual Driving Lessons Northern Quarter | Affordable Manual Driving Lessons Near You | DriveSQ,"Master clutch control & gears in Northern Quarter. DVSA‑approved instructors, local routes, mock tests and theory help. £30 Didsbury/M19, £33 Manchester, £37 further."
Intensive Driving Courses in Northern Quarter,intensive-driving-courses-northern-quarter.html,Intensive Driving Courses Northern Quarter | Affordable Intensive Driving Courses Near You | DriveSQ,"Crash courses to test‑ready fast in Northern Quarter. DVSA‑approved instructors, local routes, mock tests and theory help. £30 Didsbury/M19, £33 Manchester, £37 further."
Driving Lessons in Salford,driving-lessons-salford.html,Driving Lessons Salford | Affordable Driving Lessons Near You | DriveSQ,"Book DVSA‑approved driving lessons in Salford. DVSA‑approved instructors, local routes, mock tests and theory help. £30 Didsbury/M19, £33 Manchester, £37 further."
Driving School in Salford,driving-school-salford.html,Driving School Salford | Affordable Driving School Near You | DriveSQ,"Top‑rated local driving school in Salford. DVSA‑approved instructors, local routes, mock tests and theory help. £30 Didsbury/M19, £33 Manchester, £37 further."
Automatic Driving Lessons in Salford,automatic-driving-lessons-salford.html,Automatic Driving Lessons Salford | Affordable Automatic Driving Lessons Near You | DriveSQ,"Learn faster with automatic in Salford. DVSA‑approved instructors, local routes, mock tests and theory help. £30 Didsbury/M19, £33 Manchester, £37 further."
Manual Driving Lessons in Salford,manual-driving-lessons-salford.html,Manual Driving Lessons Salford | Affordable Manual Driving Lessons Near You | DriveSQ,"Master clutch control & gears in Salford. DVSA‑approved instructors, local routes, mock tests and theory help. £30 Didsbury/M19, £33 Manchester, £37 further."
Intensive Driving Courses in Salford,intensive-driving-courses-salford.html,Intensive Driving Courses Salford | Affordable Intensive Driving Courses Near You | DriveSQ,"Crash courses to test‑ready fast in Salford. DVSA‑approved instructors, local routes, mock tests and theory help. £30 Didsbury/M19, £33 Manchester, £37 further."
Driving Lessons in Eccles,driving-lessons-eccles.html,Driving Lessons Eccles | Affordable Driving Lessons Near You | DriveSQ,"Book DVSA‑approved driving lessons in Eccles. DVSA‑approved instructors, local routes, mock tests and theory help. £30 Didsbury/M19, £33 Manchester, £37 further."
Driving School in Eccles,driving-school-eccles.html,Driving School Eccles | Affordable Driving School Near You | DriveSQ,"Top‑rated local driving school in Eccles. DVSA‑approved instructors, local routes, mock tests and theory help. £30 Didsbury/M19, £33 Manchester, £37 further."
Automatic Driving Lessons in Eccles,automatic-driving-lessons-eccles.html,Automatic Driving Lessons Eccles | Affordable Automatic Driving Lessons Near You | DriveSQ,"Learn faster with automatic in Eccles. DVSA‑approved instructors, local routes, mock tests and theory help. £30 Didsbury/M19, £33 Manchester, £37 further."
Manual Driving Lessons in Eccles,manual-driving-lessons-eccles.html,Manual Driving Lessons Eccles | Affordable Manual Driving Lessons Near You | DriveSQ,"Master clutch control & gears in Eccles. DVSA‑approved instructors, local routes, mock tests and theory help. £30 Didsbury/M19, £33 Manchester, £37 further."
Intensive Driving Courses in Eccles,intensive-driving-courses-eccles.html,Intensive Driving Courses Eccles | Affordable Intensive Driving Courses Near You | DriveSQ,"Crash courses to test‑ready fast in Eccles. DVSA‑approved instructors, local routes, mock tests and theory help. £30 Didsbury/M19, £33 Manchester, £37 further."
Driving Lessons in Swinton,driving-lessons-swinton.html,Driving Lessons Swinton | Affordable Driving Lessons Near You | DriveSQ,"Book DVSA‑approved driving lessons in Swinton. DVSA‑approved instructors, local routes, mock tests and theory help. £30 Didsbury/M19, £33 Manchester, £37 further."
Driving School in Swinton,driving-school-swinton.html,Driving School Swinton | Affordable Driving School Near You | DriveSQ,"Top‑rated local driving school in Swinton. DVSA‑approved instructors, local routes, mock tests and theory help. £30 Didsbury/M19, £33 Manchester, £37 further."
Automatic Driving Lessons in Swinton,automatic-driving-lessons-swinton.html,Automatic Driving Lessons Swinton | Affordable Automatic Driving Lessons Near You | DriveSQ,"Learn faster with automatic in Swinton. DVSA‑approved instructors, local routes, mock tests and theory help. £30 Didsbury/M19, £33 Manchester, £37 further."
Manual Driving Lessons in Swinton,manual-driving-lessons-swinton.html,Manual Driving Lessons Swinton | Affordable Manual Driving Lessons Near You | DriveSQ,"Master clutch control & gears in Swinton. DVSA‑approved instructors, local routes, mock tests and theory help. £30 Didsbury/M19, £33 Manchester, £37 further."
Intensive Driving Courses in Swinton,intensive-driving-courses-swinton.html,Intensive Driving Courses Swinton | Affordable Intensive Driving Courses Near You | DriveSQ,"Crash courses to test‑ready fast in Swinton. DVSA‑approved instructors, local routes, mock tests and theory help. £30 Didsbury/M19, £33 Manchester, £37 further."
Driving Lessons in Prestwich,driving-lessons-prestwich.html,Driving Lessons Prestwich | Affordable Driving Lessons Near You | DriveSQ,"Book DVSA‑approved driving lessons in Prestwich. DVSA‑approved instructors, local routes, mock tests and theory help. £30 Didsbury/M19, £33 Manchester, £37 further."
Driving School in Prestwich,driving-school-prestwich.html,Driving School Prestwich | Affordable Driving School Near You | DriveSQ,"Top‑rated local driving school in Prestwich. DVSA‑approved instructors, local routes, mock tests and theory help. £30 Didsbury/M19, £33 Manchester, £37 further."
Automatic Driving Lessons in Prestwich,automatic-driving-lessons-prestwich.html,Automatic Driving Lessons Prestwich | Affordable Automatic Driving Lessons Near You | DriveSQ,"Learn faster with automatic in Prestwich. DVSA‑approved instructors, local routes, mock tests and theory help. £30 Didsbury/M19, £33 Manchester, £37 further."
Manual Driving Lessons in Prestwich,manual-driving-lessons-prestwich.html,Manual Driving Lessons Prestwich | Affordable Manual Driving Lessons Near You | DriveSQ,"Master clutch control & gears in Prestwich. DVSA‑approved instructors, local routes, mock tests and theory help. £30 Didsbury/M19, £33 Manchester, £37 further."
Intensive Driving Courses in Prestwich,intensive-driving-courses-prestwich.html,Intensive Driving Courses Prestwich | Affordable Intensive Driving Courses Near You | DriveSQ,"Crash courses to test‑ready fast in Prestwich. DVSA‑approved instructors, local routes, mock tests and theory help. £30 Didsbury/M19, £33 Manchester, £37 further."
Driving Lessons in Cheetham Hill,driving-lessons-cheetham-hill.html,Driving Lessons Cheetham Hill | Affordable Driving Lessons Near You | DriveSQ,"Book DVSA‑approved driving lessons in Cheetham Hill. DVSA‑approved instructors, local routes, mock tests and theory help. £30 Didsbury/M19, £33 Manchester, £37 further."
Driving School in Cheetham Hill,driving-school-cheetham-hill.html,Driving School Cheetham Hill | Affordable Driving School Near You | DriveSQ,"Top‑rated local driving school in Cheetham Hill. DVSA‑approved instructors, local routes, mock tests and theory help. £30 Didsbury/M19, £33 Manchester, £37 further."
Automatic Driving Lessons in Cheetham Hill,automatic-driving-lessons-cheetham-hill.html,Automatic Driving Lessons Cheetham Hill | Affordable Automatic Driving Lessons Near You | DriveSQ,"Learn faster with automatic in Cheetham Hill. DVSA‑approved instructors, local routes, mock tests and theory help. £30 Didsbury/M19, £33 Manchester, £37 further."
Manual Driving Lessons in Cheetham Hill,manual-driving-lessons-cheetham-hill.html,Manual Driving Lessons Cheetham Hill | Affordable Manual Driving Lessons Near You | DriveSQ,"Master clutch control & gears in Cheetham Hill. DVSA‑approved instructors, local routes, mock tests and theory help. £30 Didsbury/M19, £33 Manchester, £37 further."
Intensive Driving Courses in Cheetham Hill,intensive-driving-courses-cheetham-hill.html,Intensive Driving Courses Cheetham Hill | Affordable Intensive Driving Courses Near You | DriveSQ,"Crash courses to test‑ready fast in Cheetham Hill. DVSA‑approved instructors, local routes, mock tests and theory help. £30 Didsbury/M19, £33 Manchester, £37 further."
Driving Lessons in Crumpsall,driving-lessons-crumpsall.html,Driving Lessons Crumpsall | Affordable Driving Lessons Near You | DriveSQ,"Book DVSA‑approved driving lessons in Crumpsall. DVSA‑approved instructors, local routes, mock tests and theory help. £30 Didsbury/M19, £33 Manchester, £37 further."
Driving School in Crumpsall,driving-school-crumpsall.html,Driving School Crumpsall | Affordable Driving School Near You | DriveSQ,"Top‑rated local driving school in Crumpsall. DVSA‑approved instructors, local routes, mock tests and theory help. £30 Didsbury/M19, £33 Manchester, £37 further."
Automatic Driving Lessons in Crumpsall,automatic-driving-lessons-crumpsall.html,Automatic Driving Lessons Crumpsall | Affordable Automatic Driving Lessons Near You | DriveSQ,"Learn faster with automatic in Crumpsall. DVSA‑approved instructors, local routes, mock tests and theory help. £30 Didsbury/M19, £33 Manchester, £37 further."
Manual Driving Lessons in Crumpsall,manual-driving-lessons-crumpsall.html,Manual Driving Lessons Crumpsall | Affordable Manual Driving Lessons Near You | DriveSQ,"Master clutch control & gears in Crumpsall. DVSA‑approved instructors, local routes, mock tests and theory help. £30 Didsbury/M19, £33 Manchester, £37 further."
Intensive Driving Courses in Crumpsall,intensive-driving-courses-crumpsall.html,Intensive Driving Courses Crumpsall | Affordable Intensive Driving Courses Near You | DriveSQ,"Crash courses to test‑ready fast in Crumpsall. DVSA‑approved instructors, local routes, mock tests and theory help. £30 Didsbury/M19, £33 Manchester, £37 further."
Driving Lessons in Moston,driving-lessons-moston.html,Driving Lessons Moston | Affordable Driving Lessons Near You | DriveSQ,"Book DVSA‑approved driving lessons in Moston. DVSA‑approved instructors, local routes, mock tests and theory help. £30 Didsbury/M19, £33 Manchester, £37 further."
Driving School in Moston,driving-school-moston.html,Driving School Moston | Affordable Driving School Near You | DriveSQ,"Top‑rated local driving school in Moston. DVSA‑approved instructors, local routes, mock tests and theory help. £30 Didsbury/M19, £33 Manchester, £37 further."
Automatic Driving Lessons in Moston,automatic-driving-lessons-moston.html,Automatic Driving Lessons Moston | Affordable Automatic Driving Lessons Near You | DriveSQ,"Learn faster with automatic in Moston. DVSA‑approved instructors, local routes, mock tests and theory help. £30 Didsbury/M19, £33 Manchester, £37 further."
Manual Driving Lessons in Moston,manual-driving-lessons-moston.html,Manual Driving Lessons Moston | Affordable Manual Driving Lessons Near You | DriveSQ,"Master clutch control & gears in Moston. DVSA‑approved instructors, local routes, mock tests and theory help. £30 Didsbury/M19, £33 Manchester, £37 further."
Intensive Driving Courses in Moston,intensive-driving-courses-moston.html,Intensive Driving Courses Moston | Affordable Intensive Driving Courses Near You | DriveSQ,"Crash courses to test‑ready fast in Moston. DVSA‑approved instructors, local routes, mock tests and theory help. £30 Didsbury/M19, £33 Manchester, £37 further."
Driving Lessons in Harpurhey,driving-lessons-harpurhey.html,Driving Lessons Harpurhey | Affordable Driving Lessons Near You | DriveSQ,"Book DVSA‑approved driving lessons in Harpurhey. DVSA‑approved instructors, local routes, mock tests and theory help. £30 Didsbury/M19, £33 Manchester, £37 further."
Driving School in Harpurhey,driving-school-harpurhey.html,Driving School Harpurhey | Affordable Driving School Near You | DriveSQ,"Top‑rated local driving school in Harpurhey. DVSA‑approved instructors, local routes, mock tests and theory help. £30 Didsbury/M19, £33 Manchester, £37 further."
Automatic Driving Lessons in Harpurhey,automatic-driving-lessons-harpurhey.html,Automatic Driving Lessons Harpurhey | Affordable Automatic Driving Lessons Near You | DriveSQ,"Learn faster with automatic in Harpurhey. DVSA‑approved instructors, local routes, mock tests and theory help. £30 Didsbury/M19, £33 Manchester, £37 further."
Manual Driving Lessons in Harpurhey,manual-driving-lessons-harpurhey.html,Manual Driving Lessons Harpurhey | Affordable Manual Driving Lessons Near You | DriveSQ,"Master clutch control & gears in Harpurhey. DVSA‑approved instructors, local routes, mock tests and theory help. £30 Didsbury/M19, £33 Manchester, £37 further."
Intensive Driving Courses in Harpurhey,intensive-driving-courses-harpurhey.html,Intensive Driving Courses Harpurhey | Affordable Intensive Driving Courses Near You | DriveSQ,"Crash courses to test‑ready fast in Harpurhey. DVSA‑approved instructors, local routes, mock tests and theory help. £30 Didsbury/M19, £33 Manchester, £37 further."
Driving Lessons in Openshaw,driving-lessons-openshaw.html,Driving Lessons Openshaw | Affordable Driving Lessons Near You | DriveSQ,"Book DVSA‑approved driving lessons in Openshaw. DVSA‑approved instructors, local routes, mock tests and theory help. £30 Didsbury/M19, £33 Manchester, £37 further."
Driving School in Openshaw,driving-school-openshaw.html,Driving School Openshaw | Affordable Driving School Near You | DriveSQ,"Top‑rated local driving school in Openshaw. DVSA‑approved instructors, local routes, mock tests and theory help. £30 Didsbury/M19, £33 Manchester, £37 further."
Automatic Driving Lessons in Openshaw,automatic-driving-lessons-openshaw.html,Automatic Driving Lessons Openshaw | Affordable Automatic Driving Lessons Near You | DriveSQ,"Learn faster with automatic in Openshaw. DVSA‑approved instructors, local routes, mock tests and theory help. £30 Didsbury/M19, £33 Manchester, £37 further."
Manual Driving Lessons in Openshaw,manual-driving-lessons-openshaw.html,Manual Driving Lessons Openshaw | Affordable Manual Driving Lessons Near You | DriveSQ,"Master clutch control & gears in Openshaw. DVSA‑approved instructors, local routes, mock tests and theory help. £30 Didsbury/M19, £33 Manchester, £37 further."
Intensive Driving Courses in Openshaw,intensive-driving-courses-openshaw.html,Intensive Driving Courses Openshaw | Affordable Intensive Driving Courses Near You | DriveSQ,"Crash courses to test‑ready fast in Openshaw. DVSA‑approved instructors, local routes, mock tests and theory help. £30 Didsbury/M19, £33 Manchester, £37 further."
Driving Lessons in Droylsden,driving-lessons-droylsden.html,Driving Lessons Droylsden | Affordable Driving Lessons Near You | DriveSQ,"Book DVSA‑approved driving lessons in Droylsden. DVSA‑approved instructors, local routes, mock tests and theory help. £30 Didsbury/M19, £33 Manchester, £37 further."
Driving School in Droylsden,driving-school-droylsden.html,Driving School Droylsden | Affordable Driving School Near You | DriveSQ,"Top‑rated local driving school in Droylsden. DVSA‑approved instructors, local routes, mock tests and theory help. £30 Didsbury/M19, £33 Manchester, £37 further."
Automatic Driving Lessons in Droylsden,automatic-driving-lessons-droylsden.html,Automatic Driving Lessons Droylsden | Affordable Automatic Driving Lessons Near You | DriveSQ,"Learn faster with automatic in Droylsden. DVSA‑approved instructors, local routes, mock tests and theory help. £30 Didsbury/M19, £33 Manchester, £37 further."
Manual Driving Lessons in Droylsden,manual-driving-lessons-droylsden.html,Manual Driving Lessons Droylsden | Affordable Manual Driving Lessons Near You | DriveSQ,"Master clutch control & gears in Droylsden. DVSA‑approved instructors, local routes, mock tests and theory help. £30 Didsbury/M19, £33 Manchester, £37 further."
Intensive Driving Courses in Droylsden,intensive-driving-courses-droylsden.html,Intensive Driving Courses Droylsden | Affordable Intensive Driving Courses Near You | DriveSQ,"Crash courses to test‑ready fast in Droylsden. DVSA‑approved instructors, local routes, mock tests and theory help. £30 Didsbury/M19, £33 Manchester, £37 further."
Driving Lessons in Audenshaw,driving-lessons-audenshaw.html,Driving Lessons Audenshaw | Affordable Driving Lessons Near You | DriveSQ,"Book DVSA‑approved driving lessons in Audenshaw. DVSA‑approved instructors, local routes, mock tests and theory help. £30 Didsbury/M19, £33 Manchester, £37 further."
Driving School in Audenshaw,driving-school-audenshaw.html,Driving School Audenshaw | Affordable Driving School Near You | DriveSQ,"Top‑rated local driving school in Audenshaw. DVSA‑approved instructors, local routes, mock tests and theory help. £30 Didsbury/M19, £33 Manchester, £37 further."
Automatic Driving Lessons in Audenshaw,automatic-driving-lessons-audenshaw.html,Automatic Driving Lessons Audenshaw | Affordable Automatic Driving Lessons Near You | DriveSQ,"Learn faster with automatic in Audenshaw. DVSA‑approved instructors, local routes, mock tests and theory help. £30 Didsbury/M19, £33 Manchester, £37 further."
Manual Driving Lessons in Audenshaw,manual-driving-lessons-audenshaw.html,Manual Driving Lessons Audenshaw | Affordable Manual Driving Lessons Near You | DriveSQ,"Master clutch control & gears in Audenshaw. DVSA‑approved instructors, local routes, mock tests and theory help. £30 Didsbury/M19, £33 Manchester, £37 further."
Intensive Driving Courses in Audenshaw,intensive-driving-courses-audenshaw.html,Intensive Driving Courses Audenshaw | Affordable Intensive Driving Courses Near You | DriveSQ,"Crash courses to test‑ready fast in Audenshaw. DVSA‑approved instructors, local routes, mock tests and theory help. £30 Didsbury/M19, £33 Manchester, £37 further."
Driving Lessons in Hyde,driving-lessons-hyde.html,Driving Lessons Hyde | Affordable Driving Lessons Near You | DriveSQ,"Book DVSA‑approved driving lessons in Hyde. DVSA‑approved instructors, local routes, mock tests and theory help. £30 Didsbury/M19, £33 Manchester, £37 further."
Driving School in Hyde,driving-school-hyde.html,Driving School Hyde | Affordable Driving School Near You | DriveSQ,"Top‑rated local driving school in Hyde. DVSA‑approved instructors, local routes, mock tests and theory help. £30 Didsbury/M19, £33 Manchester, £37 further."
Automatic Driving Lessons in Hyde,automatic-driving-lessons-hyde.html,Automatic Driving Lessons Hyde | Affordable Automatic Driving Lessons Near You | DriveSQ,"Learn faster with automatic in Hyde. DVSA‑approved instructors, local routes, mock tests and theory help. £30 Didsbury/M19, £33 Manchester, £37 further."
Manual Driving Lessons in Hyde,manual-driving-lessons-hyde.html,Manual Driving Lessons Hyde | Affordable Manual Driving Lessons Near You | DriveSQ,"Master clutch control & gears in Hyde. DVSA‑approved instructors, local routes, mock tests and theory help. £30 Didsbury/M19, £33 Manchester, £37 further."
Intensive Driving Courses in Hyde,intensive-driving-courses-hyde.html,Intensive Driving Courses Hyde | Affordable Intensive Driving Courses Near You | DriveSQ,"Crash courses to test‑ready fast in Hyde. DVSA‑approved instructors, local routes, mock tests and theory help. £30 Didsbury/M19, £33 Manchester, £37 further."
Driving Lessons in Ashton-under-Lyne,driving-lessons-ashton-under-lyne.html,Driving Lessons Ashton-under-Lyne | Affordable Driving Lessons Near You | DriveSQ,"Book DVSA‑approved driving lessons in Ashton-under-Lyne. DVSA‑approved instructors, local routes, mock tests and theory help. £30 Didsbury/M19, £33 Manchester, £37 further."
Driving School in Ashton-under-Lyne,driving-school-ashton-under-lyne.html,Driving School Ashton-under-Lyne | Affordable Driving School Near You | DriveSQ,"Top‑rated local driving school in Ashton-under-Lyne. DVSA‑approved instructors, local routes, mock tests and theory help. £30 Didsbury/M19, £33 Manchester, £37 further."
Automatic Driving Lessons in Ashton-under-Lyne,automatic-driving-lessons-ashton-under-lyne.html,Automatic Driving Lessons Ashton-under-Lyne | Affordable Automatic Driving Lessons Near You | DriveSQ,"Learn faster with automatic in Ashton-under-Lyne. DVSA‑approved instructors, local routes, mock tests and theory help. £30 Didsbury/M19, £33 Manchester, £37 further."
Manual Driving Lessons in Ashton-under-Lyne,manual-driving-lessons-ashton-under-lyne.html,Manual Driving Lessons Ashton-under-Lyne | Affordable Manual Driving Lessons Near You | DriveSQ,"Master clutch control & gears in Ashton-under-Lyne. DVSA‑approved instructors, local routes, mock tests and theory help. £30 Didsbury/M19, £33 Manchester, £37 further."
Intensive Driving Courses in Ashton-under-Lyne,intensive-driving-courses-ashton-under-lyne.html,Intensive Driving Courses Ashton-under-Lyne | Affordable Intensive Driving Courses Near You | DriveSQ,"Crash courses to test‑ready fast in Ashton-under-Lyne. DVSA‑approved instructors, local routes, mock tests and theory help. £30 Didsbury/M19, £33 Manchester, £37 further."
Driving Lessons in Stretford,driving-lessons-stretford.html,Driving Lessons Stretford | Affordable Driving Lessons Near You | DriveSQ,"Book DVSA‑approved driving lessons in Stretford. DVSA‑approved instructors, local routes, mock tests and theory help. £30 Didsbury/M19, £33 Manchester, £37 further."
Driving School in Stretford,driving-school-stretford.html,Driving School Stretford | Affordable Driving School Near You | DriveSQ,"Top‑rated local driving school in Stretford. DVSA‑approved instructors, local routes, mock tests and theory help. £30 Didsbury/M19, £33 Manchester, £37 further."
Automatic Driving Lessons in Stretford,automatic-driving-lessons-stretford.html,Automatic Driving Lessons Stretford | Affordable Automatic Driving Lessons Near You | DriveSQ,"Learn faster with automatic in Stretford. DVSA‑approved instructors, local routes, mock tests and theory help. £30 Didsbury/M19, £33 Manchester, £37 further."
Manual Driving Lessons in Stretford,manual-driving-lessons-stretford.html,Manual Driving Lessons Stretford | Affordable Manual Driving Lessons Near You | DriveSQ,"Master clutch control & gears in Stretford. DVSA‑approved instructors, local routes, mock tests and theory help. £30 Didsbury/M19, £33 Manchester, £37 further."
Intensive Driving Courses in Stretford,intensive-driving-courses-stretford.html,Intensive Driving Courses Stretford | Affordable Intensive Driving Courses Near You | DriveSQ,"Crash courses to test‑ready fast in Stretford. DVSA‑approved instructors, local routes, mock tests and theory help. £30 Didsbury/M19, £33 Manchester, £37 further."
Driving Lessons in Sale,driving-lessons-sale.html,Driving Lessons Sale | Affordable Driving Lessons Near You | DriveSQ,"Book DVSA‑approved driving lessons in Sale. DVSA‑approved instructors, local routes, mock tests and theory help. £30 Didsbury/M19, £33 Manchester, £37 further."
Driving School in Sale,driving-school-sale.html,Driving School Sale | Affordable Driving School Near You | DriveSQ,"Top‑rated local driving school in Sale. DVSA‑approved instructors, local routes, mock tests and theory help. £30 Didsbury/M19, £33 Manchester, £37 further."
Automatic Driving Lessons in Sale,automatic-driving-lessons-sale.html,Automatic Driving Lessons Sale | Affordable Automatic Driving Lessons Near You | DriveSQ,"Learn faster with automatic in Sale. DVSA‑approved instructors, local routes, mock tests and theory help. £30 Didsbury/M19, £33 Manchester, £37 further."
Manual Driving Lessons in Sale,manual-driving-lessons-sale.html,Manual Driving Lessons Sale | Affordable Manual Driving Lessons Near You | DriveSQ,"Master clutch control & gears in Sale. DVSA‑approved instructors, local routes, mock tests and theory help. £30 Didsbury/M19, £33 Manchester, £37 further."
Intensive Driving Courses in Sale,intensive-driving-courses-sale.html,Intensive Driving Courses Sale | Affordable Intensive Driving Courses Near You | DriveSQ,"Crash courses to test‑ready fast in Sale. DVSA‑approved instructors, local routes, mock tests and theory help. £30 Didsbury/M19, £33 Manchester, £37 further."
